{"results": {"benchmarks.ConnectSuite.time_connect": {"result": [2.1233436758910717e-05], "stats": [{"ci_99": [2.0099235177827623e-05, 2.27225830039188e-05], "q_25": 2.041658003958755e-05, "q_75": 2.2167686264803255e-05, "min": 2.0099235177827623e-05, "max": 2.27225830039188e-05, "mean": 2.1314583992092443e-05, "std": 9.390857947224369e-07, "repeat": 10, "number": 506}]}, "benchmarks.ConnectSuite.time_connect_builtin": {"result": [1.9416639891746427e-05], "stats": [{"ci_99": [1.746824368225571e-05, 2.02226064982082e-05], "q_25": 1.868396074011871e-05, "q_75": 1.9740109657081393e-05, "min": 1.746824368225571e-05, "max": 2.02226064982082e-05, "mean": 1.9137052346589157e-05, "std": 8.932807852693213e-07, "repeat": 10, "number": 554}]}, "benchmarks.ConnectSuite.time_connect_checktype": {"result": [2.7610749999957838e-05], "stats": [{"ci_99": [2.6878936619717754e-05, 2.9223563380386655e-05], "q_25": 2.721239025820315e-05, "q_75": 2.796544894363491e-05, "min": 2.6878936619717754e-05, "max": 2.9223563380386655e-05, "mean": 2.76887330985835e-05, "std": 6.415172422574857e-07, "repeat": 10, "number": 426}]}, "benchmarks.ConnectSuite.time_connect_lambda": {"result": [2.2038735009625762e-05], "stats": [{"ci_99": [2.1166191489323574e-05, 2.3118243713687128e-05], "q_25": 2.162751160545378e-05, "q_75": 2.276780367506422e-05, "min": 2.1166191489323574e-05, "max": 2.3118243713687128e-05, "mean": 2.2137652611207694e-05, "std": 6.599364848867542e-07, "repeat": 10, "number": 517}]}, "benchmarks.ConnectSuite.time_connect_method": {"result": [3.2069731707382856e-05], "stats": [{"ci_99": [2.9715233062280723e-05, 3.4785750677455445e-05], "q_25": 3.1656786585369006e-05, "q_75": 3.2536538617955624e-05, "min": 2.9715233062280723e-05, "max": 3.4785750677455445e-05, "mean": 3.217902791329452e-05, "std": 1.3646625823933812e-06, "repeat": 10, "number": 369}]}, "benchmarks.ConnectSuite.time_connect_nochecks": {"result": [5.6941009519052385e-06], "stats": [{"ci_99": [5.385931362730572e-06, 5.9718597194336585e-06], "q_25": 5.581524799602121e-06, "q_75": 5.783267910811014e-06, "min": 5.385931362730572e-06, "max": 5.9718597194336585e-06, "mean": 5.687933617233245e-06, "std": 1.5620645626933732e-07, "repeat": 10, "number": 1996}]}, "benchmarks.ConnectSuite.time_connect_partial": {"result": [4.4340105769326605e-05], "stats": [{"ci_99": [4.044737307691111e-05, 4.634320384604087e-05], "q_25": 4.282864711539193e-05, "q_75": 4.5483676923160264e-05, "min": 4.044737307691111e-05, "max": 4.634320384604087e-05, "mean": 4.397456423077984e-05, "std": 1.982072487101814e-06, "repeat": 10, "number": 260}]}, "benchmarks.ConnectSuite.time_connect_partial_method": {"result": [6.61770028248439e-05], "stats": [{"ci_99": [6.341877966113285e-05, 6.826742372855107e-05], "q_25": 6.547106355946209e-05, "q_75": 6.793931355917917e-05, "min": 6.341877966113285e-05, "max": 6.826742372855107e-05, "mean": 6.640152598864823e-05, "std": 1.562880047774003e-06, "repeat": 10, "number": 177}]}, "benchmarks.CreateSuite.time_create_signal": {"result": [2.5433575722533373e-06], "stats": [{"ci_99": [2.359817803458336e-06, 2.5840284393054673e-06], "q_25": 2.483796242767696e-06, "q_75": 2.5469241040448287e-06, "min": 2.359817803458336e-06, "max": 2.5840284393054673e-06, "mean": 2.5153618265880127e-06, "std": 6.375385292629015e-08, "repeat": 10, "number": 4325}]}, "benchmarks.CreateSuite.time_create_signal_instance": {"result": [1.145806192908258e-06], "stats": [{"ci_99": [1.0546004886361447e-06, 1.182252283833702e-06], "q_25": 1.1272404928832569e-06, "q_75": 1.15807263118586e-06, "min": 1.0546004886361447e-06, "max": 1.182252283833702e-06, "mean": 1.1369203632900058e-06, "std": 3.476925814699894e-08, "repeat": 10, "number": 9414}]}, "benchmarks.EmitSuite.time_emit": {"result": [7.855973509910975e-06, 1.0279522167492507e-05, 3.0005737237211e-05], "stats": [{"ci_99": [7.27925607063768e-06, 9.025044885968141e-06], "q_25": 7.588862030901525e-06, "q_75": 8.413135393673316e-06, "min": 7.27925607063768e-06, "max": 9.025044885968141e-06, "mean": 8.009661662992043e-06, "std": 5.484650614548501e-07, "repeat": 10, "number": 1359}, {"ci_99": [9.49665714285532e-06, 1.2329200000028229e-05], "q_25": 9.835157881781943e-06, "q_75": 1.0451248768491348e-05, "min": 9.49665714285532e-06, "max": 1.2329200000028229e-05, "mean": 1.0319375172416068e-05, "std": 7.555473416578055e-07, "repeat": 10, "number": 1015}, {"ci_99": [2.654083183190098e-05, 3.293669969979236e-05], "q_25": 2.8727269519474973e-05, "q_75": 3.1155298798721926e-05, "min": 2.654083183190098e-05, "max": 3.293669969979236e-05, "mean": 2.9764893393392456e-05, "std": 1.8995019169969313e-06, "repeat": 10, "number": 333}], "params": [["1", "10", "100"]]}}, "params": {"machine": "GitHubRunner", "python": "3.9"}, "requirements": {}, "commit_hash": "057d0e82c7ad04694cfc123b4dd62f781b66f15b", "date": 1636203358000, "env_name": "conda-py3.9", "python": "3.9", "profiles": {}, "started_at": {"benchmarks.ConnectSuite.time_connect": 1636203499125, "benchmarks.ConnectSuite.time_connect_builtin": 1636203499329, "benchmarks.ConnectSuite.time_connect_checktype": 1636203499532, "benchmarks.ConnectSuite.time_connect_lambda": 1636203499736, "benchmarks.ConnectSuite.time_connect_method": 1636203499939, "benchmarks.ConnectSuite.time_connect_nochecks": 1636203500142, "benchmarks.ConnectSuite.time_connect_partial": 1636203500346, "benchmarks.ConnectSuite.time_connect_partial_method": 1636203500549, "benchmarks.CreateSuite.time_create_signal": 1636203500752, "benchmarks.CreateSuite.time_create_signal_instance": 1636203500955, "benchmarks.EmitSuite.time_emit": 1636203501159}, "ended_at": {"benchmarks.ConnectSuite.time_connect": 1636203499329, "benchmarks.ConnectSuite.time_connect_builtin": 1636203499532, "benchmarks.ConnectSuite.time_connect_checktype": 1636203499735, "benchmarks.ConnectSuite.time_connect_lambda": 1636203499938, "benchmarks.ConnectSuite.time_connect_method": 1636203500142, "benchmarks.ConnectSuite.time_connect_nochecks": 1636203500346, "benchmarks.ConnectSuite.time_connect_partial": 1636203500549, "benchmarks.ConnectSuite.time_connect_partial_method": 1636203500752, "benchmarks.CreateSuite.time_create_signal": 1636203500955, "benchmarks.CreateSuite.time_create_signal_instance": 1636203501158, "benchmarks.EmitSuite.time_emit": 1636203501768}, "benchmark_version": {"benchmarks.ConnectSuite.time_connect": "66e46036f5d42997c49d40a9db3597e499dacb6072ef55c098e003e4282719ff", "benchmarks.ConnectSuite.time_connect_builtin": "221168cd3c2a537806a7f6924ebcf8c2191c4a712198efecd60b9ccab55a9ac0", "benchmarks.ConnectSuite.time_connect_checktype": "6c640409d4d3d1c7c9bcd34ad0f1ae8a1de34357d454bf40267453df913de0de", "benchmarks.ConnectSuite.time_connect_lambda": "ba00b5593d648e88bd82a3245976eb32c1d3ddc9682b3860e86899896c6af42d", "benchmarks.ConnectSuite.time_connect_method": "2cb74135059abc458bb8b736e771a9bb881577922d2fd4cb90b6a6924be0de4b", "benchmarks.ConnectSuite.time_connect_nochecks": "3cc7bebdb3f185d0c831f34041217d8447354aee33080adf2f646e9d363d571a", "benchmarks.ConnectSuite.time_connect_partial": "c9a61f40df416d3ad071f9e9d2d0d401b58e06cf3e3972c0dc0febd23ab9df91", "benchmarks.ConnectSuite.time_connect_partial_method": "9cac7442824f87357461f60156f32c7fc0b0c2cb70cec7b7688abac388b6b5cd", "benchmarks.CreateSuite.time_create_signal": "4646c749e350ba87553eaed7dafd33c1eb6a5d726510df8ae9e93c20091f8a80", "benchmarks.CreateSuite.time_create_signal_instance": "2c1362cf3b63757d6a81f4bba01cd935c48320419d45293a4744351efb544022", "benchmarks.EmitSuite.time_emit": "51ea5e5502fbd1430260952eb8aa3e88ce6f9819a0b6f0961b54a869455b6f06"}, "version": 1}