{"results": {"benchmarks.ConnectSuite.time_connect": {"result": [2.2792150999976e-05], "stats": [{"ci_99": [2.160403799996402e-05, 2.9787728000087555e-05], "q_25": 2.2448948499970812e-05, "q_75": 2.4070067000053544e-05, "min": 2.160403799996402e-05, "max": 2.9787728000087555e-05, "mean": 2.3663261399997283e-05, "std": 2.2853442593278844e-06, "repeat": 10, "number": 500}]}, "benchmarks.ConnectSuite.time_connect_builtin": {"result": [1.98986312708572e-05], "stats": [{"ci_99": [1.6887643812671502e-05, 2.650781939791688e-05], "q_25": 1.881258152173969e-05, "q_75": 2.1334640468246017e-05, "min": 1.6887643812671502e-05, "max": 2.650781939791688e-05, "mean": 2.0210390133762418e-05, "std": 2.6487476968976914e-06, "repeat": 10, "number": 598}]}, "benchmarks.ConnectSuite.time_connect_checktype": {"result": [2.8830688328943824e-05], "stats": [{"ci_99": [2.5956522546432425e-05, 2.9915716180403973e-05], "q_25": 2.8311982095545317e-05, "q_75": 2.9402977453591015e-05, "min": 2.5956522546432425e-05, "max": 2.9915716180403973e-05, "mean": 2.8678990185710368e-05, "std": 1.08953134521426e-06, "repeat": 10, "number": 377}]}, "benchmarks.ConnectSuite.time_connect_lambda": {"result": [2.28001571970193e-05], "stats": [{"ci_99": [1.9745293560514586e-05, 2.4378488636328353e-05], "q_25": 2.201577272726582e-05, "q_75": 2.3958407670409908e-05, "min": 1.9745293560514586e-05, "max": 2.4378488636328353e-05, "mean": 2.2784569507571674e-05, "std": 1.343907789718768e-06, "repeat": 10, "number": 528}]}, "benchmarks.ConnectSuite.time_connect_method": {"result": [3.403247869317803e-05], "stats": [{"ci_99": [3.076567897734735e-05, 3.536573011363554e-05], "q_25": 3.356201917613756e-05, "q_75": 3.444718323850828e-05, "min": 3.076567897734735e-05, "max": 3.536573011363554e-05, "mean": 3.364002982953322e-05, "std": 1.3440769202752428e-06, "repeat": 10, "number": 352}]}, "benchmarks.ConnectSuite.time_connect_nochecks": {"result": [4.973746641956311e-06], "stats": [{"ci_99": [4.745628994897254e-06, 5.675606299234151e-06], "q_25": 4.811957040289193e-06, "q_75": 5.145668364988595e-06, "min": 4.745628994897254e-06, "max": 5.675606299234151e-06, "mean": 5.03005099583006e-06, "std": 2.661449658249168e-07, "repeat": 10, "number": 2159}]}, "benchmarks.ConnectSuite.time_connect_partial": {"result": [4.7829273279307094e-05], "stats": [{"ci_99": [4.275107692307981e-05, 5.273459514185962e-05], "q_25": 4.609261133610819e-05, "q_75": 4.868252226725897e-05, "min": 4.275107692307981e-05, "max": 5.273459514185962e-05, "mean": 4.745096882593794e-05, "std": 2.7868955730846638e-06, "repeat": 10, "number": 247}]}, "benchmarks.ConnectSuite.time_connect_partial_method": {"result": [7.08159144734491e-05], "stats": [{"ci_99": [6.731126973659827e-05, 7.576530921077644e-05], "q_25": 6.879056085539123e-05, "q_75": 7.283485197362438e-05, "min": 6.731126973659827e-05, "max": 7.576530921077644e-05, "mean": 7.100571842103496e-05, "std": 2.5939449831751673e-06, "repeat": 10, "number": 152}]}, "benchmarks.CreateSuite.time_create_signal": {"result": [1.9436189652164148e-06], "stats": [{"ci_99": [1.8820072676993357e-06, 2.1752619830479467e-06], "q_25": 1.9049267174251038e-06, "q_75": 2.066833578475973e-06, "min": 1.8820072676993357e-06, "max": 2.1752619830479467e-06, "mean": 1.985775497492129e-06, "std": 1.0156220541365481e-07, "repeat": 10, "number": 5779}]}, "benchmarks.CreateSuite.time_create_signal_instance": {"result": [7.933534382707161e-07], "stats": [{"ci_99": [7.406871463822216e-07, 8.515762367626899e-07], "q_25": 7.595324967336906e-07, "q_75": 8.2540082330045e-07, "min": 7.406871463822216e-07, "max": 8.515762367626899e-07, "mean": 7.937509574932782e-07, "std": 3.740958191783181e-08, "repeat": 10, "number": 13786}]}, "benchmarks.EmitSuite.time_emit": {"result": [7.471260423550304e-06, 8.725480097783308e-06, 1.7050639517356722e-05], "stats": [{"ci_99": [7.0879007280009025e-06, 8.732326935818965e-06], "q_25": 7.397219060233503e-06, "q_75": 7.697718894782275e-06, "min": 7.0879007280009025e-06, "max": 8.732326935818965e-06, "mean": 7.618899404374516e-06, "std": 4.288346913054229e-07, "repeat": 10, "number": 1511}, {"ci_99": [8.047016061466721e-06, 8.913925279338154e-06], "q_25": 8.36047974859305e-06, "q_75": 8.822321578207154e-06, "min": 8.047016061466721e-06, "max": 8.913925279338154e-06, "mean": 8.592008100553687e-06, "std": 2.958515252622244e-07, "repeat": 10, "number": 1432}, {"ci_99": [1.5413141779728718e-05, 1.8131573152314444e-05], "q_25": 1.6029890271552915e-05, "q_75": 1.7835829562610894e-05, "min": 1.5413141779728718e-05, "max": 1.8131573152314444e-05, "mean": 1.6907591855211856e-05, "std": 9.887788804574658e-07, "repeat": 10, "number": 663}], "params": [["1", "10", "100"]]}}, "params": {"machine": "GitHubRunner", "python": "3.9", "cython": ""}, "requirements": {"cython": ""}, "commit_hash": "057d0e82c7ad04694cfc123b4dd62f781b66f15b", "date": 1636203358000, "env_name": "conda-py3.9-cython", "python": "3.9", "profiles": {}, "started_at": {"benchmarks.ConnectSuite.time_connect": 1636203496251, "benchmarks.ConnectSuite.time_connect_builtin": 1636203496456, "benchmarks.ConnectSuite.time_connect_checktype": 1636203496660, "benchmarks.ConnectSuite.time_connect_lambda": 1636203496863, "benchmarks.ConnectSuite.time_connect_method": 1636203497066, "benchmarks.ConnectSuite.time_connect_nochecks": 1636203497270, "benchmarks.ConnectSuite.time_connect_partial": 1636203497473, "benchmarks.ConnectSuite.time_connect_partial_method": 1636203497677, "benchmarks.CreateSuite.time_create_signal": 1636203497881, "benchmarks.CreateSuite.time_create_signal_instance": 1636203498085, "benchmarks.EmitSuite.time_emit": 1636203498288}, "ended_at": {"benchmarks.ConnectSuite.time_connect": 1636203496456, "benchmarks.ConnectSuite.time_connect_builtin": 1636203496659, "benchmarks.ConnectSuite.time_connect_checktype": 1636203496863, "benchmarks.ConnectSuite.time_connect_lambda": 1636203497066, "benchmarks.ConnectSuite.time_connect_method": 1636203497269, "benchmarks.ConnectSuite.time_connect_nochecks": 1636203497473, "benchmarks.ConnectSuite.time_connect_partial": 1636203497676, "benchmarks.ConnectSuite.time_connect_partial_method": 1636203497880, "benchmarks.CreateSuite.time_create_signal": 1636203498084, "benchmarks.CreateSuite.time_create_signal_instance": 1636203498287, "benchmarks.EmitSuite.time_emit": 1636203498896}, "benchmark_version": {"benchmarks.ConnectSuite.time_connect": "66e46036f5d42997c49d40a9db3597e499dacb6072ef55c098e003e4282719ff", "benchmarks.ConnectSuite.time_connect_builtin": "221168cd3c2a537806a7f6924ebcf8c2191c4a712198efecd60b9ccab55a9ac0", "benchmarks.ConnectSuite.time_connect_checktype": "6c640409d4d3d1c7c9bcd34ad0f1ae8a1de34357d454bf40267453df913de0de", "benchmarks.ConnectSuite.time_connect_lambda": "ba00b5593d648e88bd82a3245976eb32c1d3ddc9682b3860e86899896c6af42d", "benchmarks.ConnectSuite.time_connect_method": "2cb74135059abc458bb8b736e771a9bb881577922d2fd4cb90b6a6924be0de4b", "benchmarks.ConnectSuite.time_connect_nochecks": "3cc7bebdb3f185d0c831f34041217d8447354aee33080adf2f646e9d363d571a", "benchmarks.ConnectSuite.time_connect_partial": "c9a61f40df416d3ad071f9e9d2d0d401b58e06cf3e3972c0dc0febd23ab9df91", "benchmarks.ConnectSuite.time_connect_partial_method": "9cac7442824f87357461f60156f32c7fc0b0c2cb70cec7b7688abac388b6b5cd", "benchmarks.CreateSuite.time_create_signal": "4646c749e350ba87553eaed7dafd33c1eb6a5d726510df8ae9e93c20091f8a80", "benchmarks.CreateSuite.time_create_signal_instance": "2c1362cf3b63757d6a81f4bba01cd935c48320419d45293a4744351efb544022", "benchmarks.EmitSuite.time_emit": "51ea5e5502fbd1430260952eb8aa3e88ce6f9819a0b6f0961b54a869455b6f06"}, "version": 1}