{"results": {"benchmarks.ConnectSuite.time_connect": {"result": [2.2377368303556316e-05], "stats": [{"ci_99": [2.1633944196456207e-05, 3.1097435267873106e-05], "q_25": 2.188143582586883e-05, "q_75": 2.379439955364176e-05, "min": 2.1633944196456207e-05, "max": 3.1097435267873106e-05, "mean": 2.3415524330351796e-05, "std": 2.6966024055701047e-06, "repeat": 10, "number": 448}]}, "benchmarks.ConnectSuite.time_connect_builtin": {"result": [2.0716148479409875e-05], "stats": [{"ci_99": [1.9707372093062775e-05, 3.250590518782929e-05], "q_25": 2.0080361359539328e-05, "q_75": 2.737677638636123e-05, "min": 1.9707372093062775e-05, "max": 3.250590518782929e-05, "mean": 2.3531599463319444e-05, "std": 4.423257990610676e-06, "repeat": 10, "number": 559}]}, "benchmarks.ConnectSuite.time_connect_checktype": {"result": [2.7030036363618358e-05], "stats": [{"ci_99": [2.5061833766163284e-05, 2.8789407792090343e-05], "q_25": 2.6717952597407506e-05, "q_75": 2.7262892857186068e-05, "min": 2.5061833766163284e-05, "max": 2.8789407792090343e-05, "mean": 2.694161896104785e-05, "std": 9.357465108480969e-07, "repeat": 10, "number": 385}]}, "benchmarks.ConnectSuite.time_connect_lambda": {"result": [2.2122125766951743e-05], "stats": [{"ci_99": [2.1415570552154463e-05, 2.327980777093092e-05], "q_25": 2.193883997955005e-05, "q_75": 2.271926942738764e-05, "min": 2.1415570552154463e-05, "max": 2.327980777093092e-05, "mean": 2.2295806748471015e-05, "std": 6.004027375816045e-07, "repeat": 10, "number": 489}]}, "benchmarks.ConnectSuite.time_connect_method": {"result": [3.299809090918009e-05], "stats": [{"ci_99": [3.236671515144901e-05, 3.345733030314615e-05], "q_25": 3.258929772722709e-05, "q_75": 3.307770606066166e-05, "min": 3.236671515144901e-05, "max": 3.345733030314615e-05, "mean": 3.29213287878791e-05, "std": 3.583722636776939e-07, "repeat": 10, "number": 330}]}, "benchmarks.ConnectSuite.time_connect_nochecks": {"result": [5.88980143776938e-06], "stats": [{"ci_99": [5.283349033214556e-06, 6.256390183459194e-06], "q_25": 5.584654189380381e-06, "q_75": 6.0650892414585845e-06, "min": 5.283349033214556e-06, "max": 6.256390183459194e-06, "mean": 5.829022657414724e-06, "std": 3.0748017124786575e-07, "repeat": 10, "number": 2017}]}, "benchmarks.ConnectSuite.time_connect_partial": {"result": [4.600430199991478e-05], "stats": [{"ci_99": [4.372047200013185e-05, 5.938025600016772e-05], "q_25": 4.5235197000010885e-05, "q_75": 4.814512100000456e-05, "min": 4.372047200013185e-05, "max": 5.938025600016772e-05, "mean": 4.7460558400007355e-05, "std": 4.26970458051558e-06, "repeat": 10, "number": 250}]}, "benchmarks.ConnectSuite.time_connect_partial_method": {"result": [7.12335891719727e-05], "stats": [{"ci_99": [6.76975605094679e-05, 9.897686624180484e-05], "q_25": 7.026319267507971e-05, "q_75": 7.424429299351377e-05, "min": 6.76975605094679e-05, "max": 9.897686624180484e-05, "mean": 7.492318089161434e-05, "std": 8.91269634118205e-06, "repeat": 10, "number": 157}]}, "benchmarks.CreateSuite.time_create_signal": {"result": [2.4475884192037484e-06], "stats": [{"ci_99": [2.316758879437291e-06, 2.6140357678927877e-06], "q_25": 2.3388764382143553e-06, "q_75": 2.503147948972356e-06, "min": 2.316758879437291e-06, "max": 2.6140357678927877e-06, "mean": 2.4389063531745575e-06, "std": 9.927281261712868e-08, "repeat": 10, "number": 3998}]}, "benchmarks.CreateSuite.time_create_signal_instance": {"result": [1.1847998390679096e-06], "stats": [{"ci_99": [1.1178255884121895e-06, 1.262828203582412e-06], "q_25": 1.131879777712224e-06, "q_75": 1.223565152888629e-06, "min": 1.1178255884121895e-06, "max": 1.262828203582412e-06, "mean": 1.183292063972136e-06, "std": 5.265244020947729e-08, "repeat": 10, "number": 9942}]}, "benchmarks.EmitSuite.time_emit": {"result": [8.03452712885737e-06, 1.0543456262455398e-05, 2.9728280839905948e-05], "stats": [{"ci_99": [7.400156744551393e-06, 8.19654785227962e-06], "q_25": 7.604473624702548e-06, "q_75": 8.111091748284935e-06, "min": 7.400156744551393e-06, "max": 8.19654785227962e-06, "mean": 7.88087053503605e-06, "std": 2.9050606830567905e-07, "repeat": 10, "number": 1327}, {"ci_99": [9.885596421472691e-06, 1.0805387673971424e-05], "q_25": 1.046636779326658e-05, "q_75": 1.0570568588464586e-05, "min": 9.885596421472691e-06, "max": 1.0805387673971424e-05, "mean": 1.0488853280321565e-05, "std": 2.2248056902437943e-07, "repeat": 10, "number": 1006}, {"ci_99": [2.888535695545244e-05, 3.164234383205002e-05], "q_25": 2.918208005243844e-05, "q_75": 3.0210568241526926e-05, "min": 2.888535695545244e-05, "max": 3.164234383205002e-05, "mean": 2.989841312337447e-05, "std": 8.905053233720241e-07, "repeat": 10, "number": 381}], "params": [["1", "10", "100"]]}}, "params": {"machine": "GitHubRunner", "python": "3.9"}, "requirements": {}, "commit_hash": "407f40a8a5f2d9ab8359b2304aea559ce958157b", "date": 1636202714000, "env_name": "conda-py3.9", "python": "3.9", "profiles": {}, "started_at": {"benchmarks.ConnectSuite.time_connect": 1636203507744, "benchmarks.ConnectSuite.time_connect_builtin": 1636203507948, "benchmarks.ConnectSuite.time_connect_checktype": 1636203508151, "benchmarks.ConnectSuite.time_connect_lambda": 1636203508354, "benchmarks.ConnectSuite.time_connect_method": 1636203508557, "benchmarks.ConnectSuite.time_connect_nochecks": 1636203508760, "benchmarks.ConnectSuite.time_connect_partial": 1636203508963, "benchmarks.ConnectSuite.time_connect_partial_method": 1636203509167, "benchmarks.CreateSuite.time_create_signal": 1636203509370, "benchmarks.CreateSuite.time_create_signal_instance": 1636203509573, "benchmarks.EmitSuite.time_emit": 1636203509776}, "ended_at": {"benchmarks.ConnectSuite.time_connect": 1636203507947, "benchmarks.ConnectSuite.time_connect_builtin": 1636203508151, "benchmarks.ConnectSuite.time_connect_checktype": 1636203508354, "benchmarks.ConnectSuite.time_connect_lambda": 1636203508556, "benchmarks.ConnectSuite.time_connect_method": 1636203508760, "benchmarks.ConnectSuite.time_connect_nochecks": 1636203508963, "benchmarks.ConnectSuite.time_connect_partial": 1636203509166, "benchmarks.ConnectSuite.time_connect_partial_method": 1636203509369, "benchmarks.CreateSuite.time_create_signal": 1636203509573, "benchmarks.CreateSuite.time_create_signal_instance": 1636203509776, "benchmarks.EmitSuite.time_emit": 1636203510385}, "benchmark_version": {"benchmarks.ConnectSuite.time_connect": "66e46036f5d42997c49d40a9db3597e499dacb6072ef55c098e003e4282719ff", "benchmarks.ConnectSuite.time_connect_builtin": "221168cd3c2a537806a7f6924ebcf8c2191c4a712198efecd60b9ccab55a9ac0", "benchmarks.ConnectSuite.time_connect_checktype": "6c640409d4d3d1c7c9bcd34ad0f1ae8a1de34357d454bf40267453df913de0de", "benchmarks.ConnectSuite.time_connect_lambda": "ba00b5593d648e88bd82a3245976eb32c1d3ddc9682b3860e86899896c6af42d", "benchmarks.ConnectSuite.time_connect_method": "2cb74135059abc458bb8b736e771a9bb881577922d2fd4cb90b6a6924be0de4b", "benchmarks.ConnectSuite.time_connect_nochecks": "3cc7bebdb3f185d0c831f34041217d8447354aee33080adf2f646e9d363d571a", "benchmarks.ConnectSuite.time_connect_partial": "c9a61f40df416d3ad071f9e9d2d0d401b58e06cf3e3972c0dc0febd23ab9df91", "benchmarks.ConnectSuite.time_connect_partial_method": "9cac7442824f87357461f60156f32c7fc0b0c2cb70cec7b7688abac388b6b5cd", "benchmarks.CreateSuite.time_create_signal": "4646c749e350ba87553eaed7dafd33c1eb6a5d726510df8ae9e93c20091f8a80", "benchmarks.CreateSuite.time_create_signal_instance": "2c1362cf3b63757d6a81f4bba01cd935c48320419d45293a4744351efb544022", "benchmarks.EmitSuite.time_emit": "51ea5e5502fbd1430260952eb8aa3e88ce6f9819a0b6f0961b54a869455b6f06"}, "version": 1}