{"results": {"benchmarks.ConnectSuite.time_connect": {"result": [2.2140556751537588e-05], "stats": [{"ci_99": [2.039083170256716e-05, 2.564783365947829e-05], "q_25": 2.1677342954935714e-05, "q_75": 2.2971140410916886e-05, "min": 2.039083170256716e-05, "max": 2.564783365947829e-05, "mean": 2.242781937379305e-05, "std": 1.4326028588944787e-06, "repeat": 10, "number": 511}]}, "benchmarks.ConnectSuite.time_connect_builtin": {"result": [1.8996159331037797e-05], "stats": [{"ci_99": [1.774526584511759e-05, 2.02503961267873e-05], "q_25": 1.861129665492456e-05, "q_75": 1.973269674293096e-05, "min": 1.774526584511759e-05, "max": 2.02503961267873e-05, "mean": 1.9117145950711403e-05, "std": 7.277642575696696e-07, "repeat": 10, "number": 568}]}, "benchmarks.ConnectSuite.time_connect_checktype": {"result": [2.828407532463159e-05], "stats": [{"ci_99": [2.528028051945323e-05, 3.08294259741172e-05], "q_25": 2.6435877272730337e-05, "q_75": 2.8990703246752487e-05, "min": 2.528028051945323e-05, "max": 3.08294259741172e-05, "mean": 2.790755220780148e-05, "std": 1.7385791659523995e-06, "repeat": 10, "number": 385}]}, "benchmarks.ConnectSuite.time_connect_lambda": {"result": [2.1731514317154572e-05], "stats": [{"ci_99": [2.1335253303920626e-05, 2.2465665198281822e-05], "q_25": 2.146301211451945e-05, "q_75": 2.2040662444946885e-05, "min": 2.1335253303920626e-05, "max": 2.2465665198281822e-05, "mean": 2.1792221145379513e-05, "std": 3.655568880291929e-07, "repeat": 10, "number": 454}]}, "benchmarks.ConnectSuite.time_connect_method": {"result": [3.110198507463236e-05], "stats": [{"ci_99": [3.014271940292562e-05, 3.428335820892732e-05], "q_25": 3.0342870895519334e-05, "q_75": 3.203594552231343e-05, "min": 3.014271940292562e-05, "max": 3.428335820892732e-05, "mean": 3.1433717014904876e-05, "std": 1.2782682239170997e-06, "repeat": 10, "number": 335}]}, "benchmarks.ConnectSuite.time_connect_nochecks": {"result": [4.674211455651385e-06], "stats": [{"ci_99": [4.450522825145738e-06, 4.8263229974392825e-06], "q_25": 4.62998212747633e-06, "q_75": 4.7732755167886125e-06, "min": 4.450522825145738e-06, "max": 4.8263229974392825e-06, "mean": 4.6669718346272114e-06, "std": 1.2322729623519766e-07, "repeat": 10, "number": 2322}]}, "benchmarks.ConnectSuite.time_connect_partial": {"result": [4.5682903433491504e-05], "stats": [{"ci_99": [4.398761373404497e-05, 5.103360085828687e-05], "q_25": 4.503740772544023e-05, "q_75": 4.691832081545264e-05, "min": 4.398761373404497e-05, "max": 5.103360085828687e-05, "mean": 4.631754635196531e-05, "std": 2.0797004987833446e-06, "repeat": 10, "number": 233}]}, "benchmarks.ConnectSuite.time_connect_partial_method": {"result": [7.004719480501937e-05], "stats": [{"ci_99": [6.426629870113423e-05, 7.270275324676968e-05], "q_25": 6.86942532465454e-05, "q_75": 7.125890259715476e-05, "min": 6.426629870113423e-05, "max": 7.270275324676968e-05, "mean": 6.959407402583217e-05, "std": 2.3923891385288157e-06, "repeat": 10, "number": 154}]}, "benchmarks.CreateSuite.time_create_signal": {"result": [1.9259875703160664e-06], "stats": [{"ci_99": [1.8113064779446709e-06, 2.06893903102776e-06], "q_25": 1.8586713391416483e-06, "q_75": 2.024831428053116e-06, "min": 1.8113064779446709e-06, "max": 2.06893903102776e-06, "mean": 1.937551587731849e-06, "std": 9.529946289639089e-08, "repeat": 10, "number": 5511}]}, "benchmarks.CreateSuite.time_create_signal_instance": {"result": [7.865199165955952e-07], "stats": [{"ci_99": [7.690621944211283e-07, 1.2570529910849748e-06], "q_25": 7.763171196413215e-07, "q_75": 8.338620398319122e-07, "min": 7.690621944211283e-07, "max": 1.2570529910849748e-06, "mean": 8.515379637619981e-07, "std": 1.4483499052100888e-07, "repeat": 10, "number": 13908}]}, "benchmarks.EmitSuite.time_emit": {"result": [7.5585364940813035e-06, 8.391918998518423e-06, 1.7470678899060545e-05], "stats": [{"ci_99": [7.2997067997252656e-06, 7.895782907048905e-06], "q_25": 7.40797145976672e-06, "q_75": 7.778780567685706e-06, "min": 7.2997067997252656e-06, "max": 7.895782907048905e-06, "mean": 7.584612102308495e-06, "std": 1.9912365588886925e-07, "repeat": 10, "number": 1603}, {"ci_99": [7.862530191457203e-06, 9.117625184108607e-06], "q_25": 8.255373527257366e-06, "q_75": 8.52249779087006e-06, "min": 7.862530191457203e-06, "max": 9.117625184108607e-06, "mean": 8.394370324008652e-06, "std": 3.250252120754282e-07, "repeat": 10, "number": 1358}, {"ci_99": [1.5951854739992628e-05, 1.9010909785903158e-05], "q_25": 1.6582827981631728e-05, "q_75": 1.833185359327188e-05, "min": 1.5951854739992628e-05, "max": 1.9010909785903158e-05, "mean": 1.748728639142535e-05, "std": 9.815028489781994e-07, "repeat": 10, "number": 654}], "params": [["1", "10", "100"]]}}, "params": {"machine": "GitHubRunner", "python": "3.9", "cython": ""}, "requirements": {"cython": ""}, "commit_hash": "407f40a8a5f2d9ab8359b2304aea559ce958157b", "date": 1636202714000, "env_name": "conda-py3.9-cython", "python": "3.9", "profiles": {}, "started_at": {"benchmarks.ConnectSuite.time_connect": 1636203503432, "benchmarks.ConnectSuite.time_connect_builtin": 1636203503636, "benchmarks.ConnectSuite.time_connect_checktype": 1636203503839, "benchmarks.ConnectSuite.time_connect_lambda": 1636203504042, "benchmarks.ConnectSuite.time_connect_method": 1636203504246, "benchmarks.ConnectSuite.time_connect_nochecks": 1636203504449, "benchmarks.ConnectSuite.time_connect_partial": 1636203504652, "benchmarks.ConnectSuite.time_connect_partial_method": 1636203504855, "benchmarks.CreateSuite.time_create_signal": 1636203505059, "benchmarks.CreateSuite.time_create_signal_instance": 1636203505262, "benchmarks.EmitSuite.time_emit": 1636203505465}, "ended_at": {"benchmarks.ConnectSuite.time_connect": 1636203503635, "benchmarks.ConnectSuite.time_connect_builtin": 1636203503838, "benchmarks.ConnectSuite.time_connect_checktype": 1636203504042, "benchmarks.ConnectSuite.time_connect_lambda": 1636203504245, "benchmarks.ConnectSuite.time_connect_method": 1636203504449, "benchmarks.ConnectSuite.time_connect_nochecks": 1636203504652, "benchmarks.ConnectSuite.time_connect_partial": 1636203504855, "benchmarks.ConnectSuite.time_connect_partial_method": 1636203505058, "benchmarks.CreateSuite.time_create_signal": 1636203505262, "benchmarks.CreateSuite.time_create_signal_instance": 1636203505465, "benchmarks.EmitSuite.time_emit": 1636203506074}, "benchmark_version": {"benchmarks.ConnectSuite.time_connect": "66e46036f5d42997c49d40a9db3597e499dacb6072ef55c098e003e4282719ff", "benchmarks.ConnectSuite.time_connect_builtin": "221168cd3c2a537806a7f6924ebcf8c2191c4a712198efecd60b9ccab55a9ac0", "benchmarks.ConnectSuite.time_connect_checktype": "6c640409d4d3d1c7c9bcd34ad0f1ae8a1de34357d454bf40267453df913de0de", "benchmarks.ConnectSuite.time_connect_lambda": "ba00b5593d648e88bd82a3245976eb32c1d3ddc9682b3860e86899896c6af42d", "benchmarks.ConnectSuite.time_connect_method": "2cb74135059abc458bb8b736e771a9bb881577922d2fd4cb90b6a6924be0de4b", "benchmarks.ConnectSuite.time_connect_nochecks": "3cc7bebdb3f185d0c831f34041217d8447354aee33080adf2f646e9d363d571a", "benchmarks.ConnectSuite.time_connect_partial": "c9a61f40df416d3ad071f9e9d2d0d401b58e06cf3e3972c0dc0febd23ab9df91", "benchmarks.ConnectSuite.time_connect_partial_method": "9cac7442824f87357461f60156f32c7fc0b0c2cb70cec7b7688abac388b6b5cd", "benchmarks.CreateSuite.time_create_signal": "4646c749e350ba87553eaed7dafd33c1eb6a5d726510df8ae9e93c20091f8a80", "benchmarks.CreateSuite.time_create_signal_instance": "2c1362cf3b63757d6a81f4bba01cd935c48320419d45293a4744351efb544022", "benchmarks.EmitSuite.time_emit": "51ea5e5502fbd1430260952eb8aa3e88ce6f9819a0b6f0961b54a869455b6f06"}, "version": 1}