{"results": {"benchmarks.ConnectSuite.time_connect": {"result": [2.3357939573432268e-05], "stats": [{"ci_99": [1.964490521325461e-05, 2.6325957345906105e-05], "q_25": 2.0538027843590164e-05, "q_75": 2.5397407582907594e-05, "min": 1.964490521325461e-05, "max": 2.6325957345906105e-05, "mean": 2.3083344786701186e-05, "std": 2.6020257664500637e-06, "repeat": 10, "number": 422}]}, "benchmarks.ConnectSuite.time_connect_builtin": {"result": [2.13019590643049e-05], "stats": [{"ci_99": [1.7629524366454903e-05, 2.3806335282613724e-05], "q_25": 1.9856655945436938e-05, "q_75": 2.1541469785556193e-05, "min": 1.7629524366454903e-05, "max": 2.3806335282613724e-05, "mean": 2.070139746586664e-05, "std": 1.6941712778158612e-06, "repeat": 10, "number": 513}]}, "benchmarks.ConnectSuite.time_connect_checktype": {"result": [3.131274550897781e-05], "stats": [{"ci_99": [2.8017197604787432e-05, 3.7920502993947894e-05], "q_25": 3.091801721557847e-05, "q_75": 3.183597604786829e-05, "min": 2.8017197604787432e-05, "max": 3.7920502993947894e-05, "mean": 3.1690529041907074e-05, "std": 2.3623600263838585e-06, "repeat": 10, "number": 334}]}, "benchmarks.ConnectSuite.time_connect_lambda": {"result": [2.4037667058812132e-05], "stats": [{"ci_99": [2.1674929411721463e-05, 2.7202188235298095e-05], "q_25": 2.2312747647089616e-05, "q_75": 2.5188367647100518e-05, "min": 2.1674929411721463e-05, "max": 2.7202188235298095e-05, "mean": 2.396552658823941e-05, "std": 1.7625463320694415e-06, "repeat": 10, "number": 425}]}, "benchmarks.ConnectSuite.time_connect_method": {"result": [3.536549119717061e-05], "stats": [{"ci_99": [3.1789242957753664e-05, 4.0563211267657236e-05], "q_25": 3.3431504401433814e-05, "q_75": 3.629525528171044e-05, "min": 3.1789242957753664e-05, "max": 4.0563211267657236e-05, "mean": 3.529024471832122e-05, "std": 2.458482699730267e-06, "repeat": 10, "number": 284}]}, "benchmarks.ConnectSuite.time_connect_nochecks": {"result": [4.966071326679067e-06], "stats": [{"ci_99": [4.635635758439996e-06, 5.531076081779857e-06], "q_25": 4.705000000000156e-06, "q_75": 5.159608178793316e-06, "min": 4.635635758439996e-06, "max": 5.531076081779857e-06, "mean": 4.988386970994621e-06, "std": 2.976064945697476e-07, "repeat": 10, "number": 2103}]}, "benchmarks.ConnectSuite.time_connect_partial": {"result": [5.058646902652357e-05], "stats": [{"ci_99": [4.755103982305209e-05, 5.2340495575229606e-05], "q_25": 4.898366482296903e-05, "q_75": 5.1349017699177857e-05, "min": 4.755103982305209e-05, "max": 5.2340495575229606e-05, "mean": 5.014673849558197e-05, "std": 1.5993590311231931e-06, "repeat": 10, "number": 226}]}, "benchmarks.ConnectSuite.time_connect_partial_method": {"result": [6.743801712324455e-05], "stats": [{"ci_99": [6.158182191769225e-05, 7.299491095884387e-05], "q_25": 6.442255993153574e-05, "q_75": 6.978807534245359e-05, "min": 6.158182191769225e-05, "max": 7.299491095884387e-05, "mean": 6.737480205476244e-05, "std": 3.616326350331157e-06, "repeat": 10, "number": 146}]}, "benchmarks.CreateSuite.time_create_signal": {"result": [2.0629336617984486e-06], "stats": [{"ci_99": [1.935955305296595e-06, 2.153519267989427e-06], "q_25": 2.004055648421822e-06, "q_75": 2.1377343832462776e-06, "min": 1.935955305296595e-06, "max": 2.153519267989427e-06, "mean": 2.0613533345056746e-06, "std": 7.519754217640339e-08, "repeat": 10, "number": 5683}]}, "benchmarks.CreateSuite.time_create_signal_instance": {"result": [8.699447542852154e-07], "stats": [{"ci_99": [7.60818218558591e-07, 1.1608239573220965e-06], "q_25": 8.360303709998914e-07, "q_75": 9.168589152932693e-07, "min": 7.60818218558591e-07, "max": 1.1608239573220965e-06, "mean": 9.019401471069186e-07, "std": 1.1167410818705167e-07, "repeat": 10, "number": 12372}]}, "benchmarks.EmitSuite.time_emit": {"result": [7.69096513250281e-06, 9.261917946646085e-06, 1.6989945552174024e-05], "stats": [{"ci_99": [7.154907949795461e-06, 8.842851464417796e-06], "q_25": 7.637562238504375e-06, "q_75": 7.884608786617429e-06, "min": 7.154907949795461e-06, "max": 8.842851464417796e-06, "mean": 7.835100139472508e-06, "std": 5.102094802539083e-07, "repeat": 10, "number": 1434}, {"ci_99": [8.268422797087777e-06, 9.804306386414343e-06], "q_25": 9.175589126918674e-06, "q_75": 9.389993936950166e-06, "min": 8.268422797087777e-06, "max": 9.804306386414343e-06, "mean": 9.194206063057024e-06, "std": 3.9997246659281957e-07, "repeat": 10, "number": 1237}, {"ci_99": [1.6419257668737367e-05, 1.8518943251526736e-05], "q_25": 1.6578236196323116e-05, "q_75": 1.7289414877280198e-05, "min": 1.6419257668737367e-05, "max": 1.8518943251526736e-05, "mean": 1.70526595092063e-05, "std": 5.979776308233873e-07, "repeat": 10, "number": 652}], "params": [["1", "10", "100"]]}}, "params": {"machine": "GitHubRunner", "python": "3.9", "cython": ""}, "requirements": {"cython": ""}, "commit_hash": "adc34f08a00091b4d345f724c160c08d3f8be032", "date": 1636204020000, "env_name": "conda-py3.9-cython", "python": "3.9", "profiles": {}, "started_at": {"benchmarks.ConnectSuite.time_connect": 1636204166099, "benchmarks.ConnectSuite.time_connect_builtin": 1636204166304, "benchmarks.ConnectSuite.time_connect_checktype": 1636204166507, "benchmarks.ConnectSuite.time_connect_lambda": 1636204166711, "benchmarks.ConnectSuite.time_connect_method": 1636204166914, "benchmarks.ConnectSuite.time_connect_nochecks": 1636204167117, "benchmarks.ConnectSuite.time_connect_partial": 1636204167320, "benchmarks.ConnectSuite.time_connect_partial_method": 1636204167524, "benchmarks.CreateSuite.time_create_signal": 1636204167727, "benchmarks.CreateSuite.time_create_signal_instance": 1636204167930, "benchmarks.EmitSuite.time_emit": 1636204168133}, "ended_at": {"benchmarks.ConnectSuite.time_connect": 1636204166303, "benchmarks.ConnectSuite.time_connect_builtin": 1636204166507, "benchmarks.ConnectSuite.time_connect_checktype": 1636204166710, "benchmarks.ConnectSuite.time_connect_lambda": 1636204166914, "benchmarks.ConnectSuite.time_connect_method": 1636204167117, "benchmarks.ConnectSuite.time_connect_nochecks": 1636204167320, "benchmarks.ConnectSuite.time_connect_partial": 1636204167523, "benchmarks.ConnectSuite.time_connect_partial_method": 1636204167727, "benchmarks.CreateSuite.time_create_signal": 1636204167930, "benchmarks.CreateSuite.time_create_signal_instance": 1636204168133, "benchmarks.EmitSuite.time_emit": 1636204168742}, "benchmark_version": {"benchmarks.ConnectSuite.time_connect": "66e46036f5d42997c49d40a9db3597e499dacb6072ef55c098e003e4282719ff", "benchmarks.ConnectSuite.time_connect_builtin": "221168cd3c2a537806a7f6924ebcf8c2191c4a712198efecd60b9ccab55a9ac0", "benchmarks.ConnectSuite.time_connect_checktype": "6c640409d4d3d1c7c9bcd34ad0f1ae8a1de34357d454bf40267453df913de0de", "benchmarks.ConnectSuite.time_connect_lambda": "ba00b5593d648e88bd82a3245976eb32c1d3ddc9682b3860e86899896c6af42d", "benchmarks.ConnectSuite.time_connect_method": "2cb74135059abc458bb8b736e771a9bb881577922d2fd4cb90b6a6924be0de4b", "benchmarks.ConnectSuite.time_connect_nochecks": "3cc7bebdb3f185d0c831f34041217d8447354aee33080adf2f646e9d363d571a", "benchmarks.ConnectSuite.time_connect_partial": "c9a61f40df416d3ad071f9e9d2d0d401b58e06cf3e3972c0dc0febd23ab9df91", "benchmarks.ConnectSuite.time_connect_partial_method": "9cac7442824f87357461f60156f32c7fc0b0c2cb70cec7b7688abac388b6b5cd", "benchmarks.CreateSuite.time_create_signal": "4646c749e350ba87553eaed7dafd33c1eb6a5d726510df8ae9e93c20091f8a80", "benchmarks.CreateSuite.time_create_signal_instance": "2c1362cf3b63757d6a81f4bba01cd935c48320419d45293a4744351efb544022", "benchmarks.EmitSuite.time_emit": "51ea5e5502fbd1430260952eb8aa3e88ce6f9819a0b6f0961b54a869455b6f06"}, "version": 1}