{"results": {"benchmarks.ConnectSuite.time_connect": {"result": [2.101876074220299e-05], "stats": [{"ci_99": [1.9461798828168675e-05, 2.25072851562369e-05], "q_25": 2.044776904297496e-05, "q_75": 2.2207483398442585e-05, "min": 1.9461798828168675e-05, "max": 2.25072851562369e-05, "mean": 2.112989277343602e-05, "std": 1.054570785921464e-06, "repeat": 10, "number": 512}]}, "benchmarks.ConnectSuite.time_connect_builtin": {"result": [1.9163578378368642e-05], "stats": [{"ci_99": [1.890511171174145e-05, 1.9775556756735363e-05], "q_25": 1.9049795945930097e-05, "q_75": 1.9469162162170664e-05, "min": 1.890511171174145e-05, "max": 1.9775556756735363e-05, "mean": 1.92552354954987e-05, "std": 2.775132563316288e-07, "repeat": 10, "number": 555}]}, "benchmarks.ConnectSuite.time_connect_checktype": {"result": [2.6779571269465695e-05], "stats": [{"ci_99": [2.5896726057952944e-05, 2.9362630289497024e-05], "q_25": 2.630769265032868e-05, "q_75": 2.7412140311815353e-05, "min": 2.5896726057952944e-05, "max": 2.9362630289497024e-05, "mean": 2.7043022048996945e-05, "std": 9.84781528739962e-07, "repeat": 10, "number": 449}]}, "benchmarks.ConnectSuite.time_connect_lambda": {"result": [2.189213755021189e-05], "stats": [{"ci_99": [2.002839357429132e-05, 2.255548795179049e-05], "q_25": 2.0613581325299348e-05, "q_75": 2.2375317269055027e-05, "min": 2.002839357429132e-05, "max": 2.255548795179049e-05, "mean": 2.1512943172685216e-05, "std": 9.482428037681454e-07, "repeat": 10, "number": 498}]}, "benchmarks.ConnectSuite.time_connect_method": {"result": [3.108295533142612e-05], "stats": [{"ci_99": [2.7658913544687114e-05, 3.300988760808129e-05], "q_25": 2.9445140489921512e-05, "q_75": 3.247386815561596e-05, "min": 2.7658913544687114e-05, "max": 3.300988760808129e-05, "mean": 3.0870823919323197e-05, "std": 1.7950241382652004e-06, "repeat": 10, "number": 347}]}, "benchmarks.ConnectSuite.time_connect_nochecks": {"result": [5.619514157974885e-06], "stats": [{"ci_99": [5.08591107798225e-06, 5.837570293099749e-06], "q_25": 5.394441008445043e-06, "q_75": 5.675177347236815e-06, "min": 5.08591107798225e-06, "max": 5.837570293099749e-06, "mean": 5.52748802781856e-06, "std": 2.424672328947563e-07, "repeat": 10, "number": 2013}]}, "benchmarks.ConnectSuite.time_connect_partial": {"result": [4.3837947154448866e-05], "stats": [{"ci_99": [3.967415447152042e-05, 6.445408536588208e-05], "q_25": 4.2401674796759075e-05, "q_75": 4.4684995934920696e-05, "min": 3.967415447152042e-05, "max": 6.445408536588208e-05, "mean": 4.533383373983063e-05, "std": 6.554618501401013e-06, "repeat": 10, "number": 246}]}, "benchmarks.ConnectSuite.time_connect_partial_method": {"result": [6.551901764704085e-05], "stats": [{"ci_99": [6.347020588230086e-05, 6.773077058827473e-05], "q_25": 6.46540220588697e-05, "q_75": 6.642430588240198e-05, "min": 6.347020588230086e-05, "max": 6.773077058827473e-05, "mean": 6.559825235297347e-05, "std": 1.3784893225490769e-06, "repeat": 10, "number": 170}]}, "benchmarks.CreateSuite.time_create_signal": {"result": [2.4577441106548525e-06], "stats": [{"ci_99": [2.2918599524517324e-06, 2.8451525826716065e-06], "q_25": 2.375417927382982e-06, "q_75": 2.564994326779922e-06, "min": 2.2918599524517324e-06, "max": 2.8451525826716065e-06, "mean": 2.4941389020965417e-06, "std": 1.6561608864455488e-07, "repeat": 10, "number": 4627}]}, "benchmarks.CreateSuite.time_create_signal_instance": {"result": [1.0770703087662164e-06], "stats": [{"ci_99": [1.0292070547737021e-06, 1.243219768664366e-06], "q_25": 1.058283935571158e-06, "q_75": 1.1300763789323936e-06, "min": 1.0292070547737021e-06, "max": 1.243219768664366e-06, "mean": 1.0980375681101584e-06, "std": 6.279549542042207e-08, "repeat": 10, "number": 10461}]}, "benchmarks.EmitSuite.time_emit": {"result": [7.819732352936877e-06, 9.932177625962473e-06, 2.9974670658706028e-05], "stats": [{"ci_99": [7.468484558823802e-06, 8.723255882342788e-06], "q_25": 7.72337261028903e-06, "q_75": 7.952176102932849e-06, "min": 7.468484558823802e-06, "max": 8.723255882342788e-06, "mean": 7.880437867643428e-06, "std": 3.1855791529373617e-07, "repeat": 10, "number": 1360}, {"ci_99": [9.468345858240945e-06, 1.297447309991921e-05], "q_25": 9.697251707949425e-06, "q_75": 1.0192808283521247e-05, "min": 9.468345858240945e-06, "max": 1.297447309991921e-05, "mean": 1.025501084543286e-05, "std": 9.931521613680209e-07, "repeat": 10, "number": 1171}, {"ci_99": [2.750133233528667e-05, 3.160609580838823e-05], "q_25": 2.9369883233541178e-05, "q_75": 3.05637365269709e-05, "min": 2.750133233528667e-05, "max": 3.160609580838823e-05, "mean": 2.9849550898200798e-05, "std": 1.192352994855657e-06, "repeat": 10, "number": 334}], "params": [["1", "10", "100"]]}}, "params": {"machine": "GitHubRunner", "python": "3.9"}, "requirements": {}, "commit_hash": "adc34f08a00091b4d345f724c160c08d3f8be032", "date": 1636204020000, "env_name": "conda-py3.9", "python": "3.9", "profiles": {}, "started_at": {"benchmarks.ConnectSuite.time_connect": 1636204168969, "benchmarks.ConnectSuite.time_connect_builtin": 1636204169172, "benchmarks.ConnectSuite.time_connect_checktype": 1636204169378, "benchmarks.ConnectSuite.time_connect_lambda": 1636204169581, "benchmarks.ConnectSuite.time_connect_method": 1636204169785, "benchmarks.ConnectSuite.time_connect_nochecks": 1636204169988, "benchmarks.ConnectSuite.time_connect_partial": 1636204170192, "benchmarks.ConnectSuite.time_connect_partial_method": 1636204170395, "benchmarks.CreateSuite.time_create_signal": 1636204170598, "benchmarks.CreateSuite.time_create_signal_instance": 1636204170801, "benchmarks.EmitSuite.time_emit": 1636204171005}, "ended_at": {"benchmarks.ConnectSuite.time_connect": 1636204169172, "benchmarks.ConnectSuite.time_connect_builtin": 1636204169375, "benchmarks.ConnectSuite.time_connect_checktype": 1636204169581, "benchmarks.ConnectSuite.time_connect_lambda": 1636204169784, "benchmarks.ConnectSuite.time_connect_method": 1636204169988, "benchmarks.ConnectSuite.time_connect_nochecks": 1636204170191, "benchmarks.ConnectSuite.time_connect_partial": 1636204170395, "benchmarks.ConnectSuite.time_connect_partial_method": 1636204170598, "benchmarks.CreateSuite.time_create_signal": 1636204170801, "benchmarks.CreateSuite.time_create_signal_instance": 1636204171004, "benchmarks.EmitSuite.time_emit": 1636204171613}, "benchmark_version": {"benchmarks.ConnectSuite.time_connect": "66e46036f5d42997c49d40a9db3597e499dacb6072ef55c098e003e4282719ff", "benchmarks.ConnectSuite.time_connect_builtin": "221168cd3c2a537806a7f6924ebcf8c2191c4a712198efecd60b9ccab55a9ac0", "benchmarks.ConnectSuite.time_connect_checktype": "6c640409d4d3d1c7c9bcd34ad0f1ae8a1de34357d454bf40267453df913de0de", "benchmarks.ConnectSuite.time_connect_lambda": "ba00b5593d648e88bd82a3245976eb32c1d3ddc9682b3860e86899896c6af42d", "benchmarks.ConnectSuite.time_connect_method": "2cb74135059abc458bb8b736e771a9bb881577922d2fd4cb90b6a6924be0de4b", "benchmarks.ConnectSuite.time_connect_nochecks": "3cc7bebdb3f185d0c831f34041217d8447354aee33080adf2f646e9d363d571a", "benchmarks.ConnectSuite.time_connect_partial": "c9a61f40df416d3ad071f9e9d2d0d401b58e06cf3e3972c0dc0febd23ab9df91", "benchmarks.ConnectSuite.time_connect_partial_method": "9cac7442824f87357461f60156f32c7fc0b0c2cb70cec7b7688abac388b6b5cd", "benchmarks.CreateSuite.time_create_signal": "4646c749e350ba87553eaed7dafd33c1eb6a5d726510df8ae9e93c20091f8a80", "benchmarks.CreateSuite.time_create_signal_instance": "2c1362cf3b63757d6a81f4bba01cd935c48320419d45293a4744351efb544022", "benchmarks.EmitSuite.time_emit": "51ea5e5502fbd1430260952eb8aa3e88ce6f9819a0b6f0961b54a869455b6f06"}, "version": 1}