{"results": {"benchmarks.ConnectSuite.time_connect": {"result": [2.2640070484594527e-05], "stats": [{"ci_99": [2.0994365638821543e-05, 2.4068154185016636e-05], "q_25": 2.1929121696041468e-05, "q_75": 2.313814317181374e-05, "min": 2.0994365638821543e-05, "max": 2.4068154185016636e-05, "mean": 2.2490709471372815e-05, "std": 9.404272463692275e-07, "repeat": 10, "number": 454}]}, "benchmarks.ConnectSuite.time_connect_builtin": {"result": [1.966782364726116e-05], "stats": [{"ci_99": [1.8282054108186148e-05, 2.8480410821634403e-05], "q_25": 1.9059202404811642e-05, "q_75": 2.0516975951908283e-05, "min": 1.8282054108186148e-05, "max": 2.8480410821634403e-05, "mean": 2.0415235270521578e-05, "std": 2.8144806247404647e-06, "repeat": 10, "number": 499}]}, "benchmarks.ConnectSuite.time_connect_checktype": {"result": [3.0566974063400744e-05], "stats": [{"ci_99": [2.8667550432297237e-05, 3.355602017285641e-05], "q_25": 2.9187861671458012e-05, "q_75": 3.215645821325932e-05, "min": 2.8667550432297237e-05, "max": 3.355602017285641e-05, "mean": 3.080775100863972e-05, "std": 1.7403004786657458e-06, "repeat": 10, "number": 347}]}, "benchmarks.ConnectSuite.time_connect_lambda": {"result": [2.2837698464939605e-05], "stats": [{"ci_99": [2.2193725877185632e-05, 2.8137572368454978e-05], "q_25": 2.2574054276306998e-05, "q_75": 2.3769281798221204e-05, "min": 2.2193725877185632e-05, "max": 2.8137572368454978e-05, "mean": 2.35545372807017e-05, "std": 1.699633574369823e-06, "repeat": 10, "number": 456}]}, "benchmarks.ConnectSuite.time_connect_method": {"result": [3.1563977409607917e-05], "stats": [{"ci_99": [3.072092168676922e-05, 3.2921789156662054e-05], "q_25": 3.100781249994741e-05, "q_75": 3.231156927710912e-05, "min": 3.072092168676922e-05, "max": 3.2921789156662054e-05, "mean": 3.165753132529266e-05, "std": 7.208396588430308e-07, "repeat": 10, "number": 332}]}, "benchmarks.ConnectSuite.time_connect_nochecks": {"result": [5.17121395822955e-06], "stats": [{"ci_99": [4.9455124808873685e-06, 5.673174732556611e-06], "q_25": 5.057292282224514e-06, "q_75": 5.43871281201841e-06, "min": 4.9455124808873685e-06, "max": 5.673174732556611e-06, "mean": 5.244443148242512e-06, "std": 2.435812026034276e-07, "repeat": 10, "number": 1963}]}, "benchmarks.ConnectSuite.time_connect_partial": {"result": [4.516531376516091e-05], "stats": [{"ci_99": [4.286900404867753e-05, 4.952038866397408e-05], "q_25": 4.4115254048587824e-05, "q_75": 4.55634868421448e-05, "min": 4.286900404867753e-05, "max": 4.952038866397408e-05, "mean": 4.551184736842312e-05, "std": 2.153913791821633e-06, "repeat": 10, "number": 247}]}, "benchmarks.ConnectSuite.time_connect_partial_method": {"result": [6.986498427666106e-05], "stats": [{"ci_99": [6.31411761006096e-05, 8.89561320755178e-05], "q_25": 6.849712421390331e-05, "q_75": 7.395352830182728e-05, "min": 6.31411761006096e-05, "max": 8.89561320755178e-05, "mean": 7.253625471699597e-05, "std": 7.1850694595839414e-06, "repeat": 10, "number": 159}]}, "benchmarks.CreateSuite.time_create_signal": {"result": [1.9938073597045133e-06], "stats": [{"ci_99": [1.8707720331211628e-06, 2.6879505059805993e-06], "q_25": 1.960406761727768e-06, "q_75": 2.0130661913489506e-06, "min": 1.8707720331211628e-06, "max": 2.6879505059805993e-06, "mean": 2.0432358233669053e-06, "std": 2.2102426150044366e-07, "repeat": 10, "number": 5435}]}, "benchmarks.CreateSuite.time_create_signal_instance": {"result": [8.531372940990636e-07], "stats": [{"ci_99": [8.207377258913524e-07, 1.0402863425553451e-06], "q_25": 8.338493523109118e-07, "q_75": 8.613194866471e-07, "min": 8.207377258913524e-07, "max": 1.0402863425553451e-06, "mean": 8.693369662563598e-07, "std": 6.120202186432688e-08, "repeat": 10, "number": 12506}]}, "benchmarks.EmitSuite.time_emit": {"result": [7.701772435899704e-06, 8.397672684456143e-06, 1.763793502379778e-05], "stats": [{"ci_99": [7.306727920235855e-06, 8.560211538473793e-06], "q_25": 7.615035612541317e-06, "q_75": 7.80123931624637e-06, "min": 7.306727920235855e-06, "max": 8.560211538473793e-06, "mean": 7.752997364675555e-06, "std": 3.0558488506202224e-07, "repeat": 10, "number": 1404}, {"ci_99": [8.0336248037472e-06, 9.337156200931467e-06], "q_25": 8.332079277867763e-06, "q_75": 8.560902864999351e-06, "min": 8.0336248037472e-06, "max": 9.337156200931467e-06, "mean": 8.483437048662477e-06, "std": 3.2430006459011513e-07, "repeat": 10, "number": 1274}, {"ci_99": [1.6572496038031352e-05, 2.0459938193341522e-05], "q_25": 1.701955031693101e-05, "q_75": 1.8192443343893984e-05, "min": 1.6572496038031352e-05, "max": 2.0459938193341522e-05, "mean": 1.7772608716318926e-05, "std": 1.0771227482583734e-06, "repeat": 10, "number": 631}], "params": [["1", "10", "100"]]}}, "params": {"machine": "GitHubRunner", "python": "3.9", "cython": ""}, "requirements": {"cython": ""}, "commit_hash": "b1f41733610b7ad10958b4a7216ea3d47ca89d2b", "date": 1636203908000, "env_name": "conda-py3.9-cython", "python": "3.9", "profiles": {}, "started_at": {"benchmarks.ConnectSuite.time_connect": 1636204173280, "benchmarks.ConnectSuite.time_connect_builtin": 1636204173484, "benchmarks.ConnectSuite.time_connect_checktype": 1636204173687, "benchmarks.ConnectSuite.time_connect_lambda": 1636204173890, "benchmarks.ConnectSuite.time_connect_method": 1636204174094, "benchmarks.ConnectSuite.time_connect_nochecks": 1636204174297, "benchmarks.ConnectSuite.time_connect_partial": 1636204174500, "benchmarks.ConnectSuite.time_connect_partial_method": 1636204174703, "benchmarks.CreateSuite.time_create_signal": 1636204174906, "benchmarks.CreateSuite.time_create_signal_instance": 1636204175110, "benchmarks.EmitSuite.time_emit": 1636204175313}, "ended_at": {"benchmarks.ConnectSuite.time_connect": 1636204173483, "benchmarks.ConnectSuite.time_connect_builtin": 1636204173687, "benchmarks.ConnectSuite.time_connect_checktype": 1636204173890, "benchmarks.ConnectSuite.time_connect_lambda": 1636204174093, "benchmarks.ConnectSuite.time_connect_method": 1636204174296, "benchmarks.ConnectSuite.time_connect_nochecks": 1636204174500, "benchmarks.ConnectSuite.time_connect_partial": 1636204174703, "benchmarks.ConnectSuite.time_connect_partial_method": 1636204174906, "benchmarks.CreateSuite.time_create_signal": 1636204175109, "benchmarks.CreateSuite.time_create_signal_instance": 1636204175313, "benchmarks.EmitSuite.time_emit": 1636204175922}, "benchmark_version": {"benchmarks.ConnectSuite.time_connect": "66e46036f5d42997c49d40a9db3597e499dacb6072ef55c098e003e4282719ff", "benchmarks.ConnectSuite.time_connect_builtin": "221168cd3c2a537806a7f6924ebcf8c2191c4a712198efecd60b9ccab55a9ac0", "benchmarks.ConnectSuite.time_connect_checktype": "6c640409d4d3d1c7c9bcd34ad0f1ae8a1de34357d454bf40267453df913de0de", "benchmarks.ConnectSuite.time_connect_lambda": "ba00b5593d648e88bd82a3245976eb32c1d3ddc9682b3860e86899896c6af42d", "benchmarks.ConnectSuite.time_connect_method": "2cb74135059abc458bb8b736e771a9bb881577922d2fd4cb90b6a6924be0de4b", "benchmarks.ConnectSuite.time_connect_nochecks": "3cc7bebdb3f185d0c831f34041217d8447354aee33080adf2f646e9d363d571a", "benchmarks.ConnectSuite.time_connect_partial": "c9a61f40df416d3ad071f9e9d2d0d401b58e06cf3e3972c0dc0febd23ab9df91", "benchmarks.ConnectSuite.time_connect_partial_method": "9cac7442824f87357461f60156f32c7fc0b0c2cb70cec7b7688abac388b6b5cd", "benchmarks.CreateSuite.time_create_signal": "4646c749e350ba87553eaed7dafd33c1eb6a5d726510df8ae9e93c20091f8a80", "benchmarks.CreateSuite.time_create_signal_instance": "2c1362cf3b63757d6a81f4bba01cd935c48320419d45293a4744351efb544022", "benchmarks.EmitSuite.time_emit": "51ea5e5502fbd1430260952eb8aa3e88ce6f9819a0b6f0961b54a869455b6f06"}, "version": 1}