{"results": {"benchmarks.ConnectSuite.time_connect": {"result": [2.101206573706827e-05], "stats": [{"ci_99": [2.030429880475715e-05, 2.2282533864589175e-05], "q_25": 2.0720402390448285e-05, "q_75": 2.2065900896408888e-05, "min": 2.030429880475715e-05, "max": 2.2282533864589175e-05, "mean": 2.1269213745024236e-05, "std": 7.267764321639919e-07, "repeat": 10, "number": 502}]}, "benchmarks.ConnectSuite.time_connect_builtin": {"result": [1.8413963993446528e-05], "stats": [{"ci_99": [1.7816292962363146e-05, 1.9161787234043675e-05], "q_25": 1.8124056873984405e-05, "q_75": 1.8738274549932392e-05, "min": 1.7816292962363146e-05, "max": 1.9161787234043675e-05, "mean": 1.8450806055648695e-05, "std": 4.216990447746072e-07, "repeat": 10, "number": 611}]}, "benchmarks.ConnectSuite.time_connect_checktype": {"result": [2.6031210199013135e-05], "stats": [{"ci_99": [2.4924276119402598e-05, 2.689118159202873e-05], "q_25": 2.551256778605179e-05, "q_75": 2.6514342039828888e-05, "min": 2.4924276119402598e-05, "max": 2.689118159202873e-05, "mean": 2.5998897014926236e-05, "std": 6.380739425920681e-07, "repeat": 10, "number": 402}]}, "benchmarks.ConnectSuite.time_connect_lambda": {"result": [2.0746567877649297e-05], "stats": [{"ci_99": [1.9469326959852248e-05, 2.3045749521959747e-05], "q_25": 2.046760229445566e-05, "q_75": 2.1186151529653703e-05, "min": 1.9469326959852248e-05, "max": 2.3045749521959747e-05, "mean": 2.0860007648189753e-05, "std": 9.039853900367957e-07, "repeat": 10, "number": 523}]}, "benchmarks.ConnectSuite.time_connect_method": {"result": [3.137618555240255e-05], "stats": [{"ci_99": [2.9369849858342865e-05, 3.486806232295792e-05], "q_25": 3.053811827198334e-05, "q_75": 3.201127832862599e-05, "min": 2.9369849858342865e-05, "max": 3.486806232295792e-05, "mean": 3.1592812464594115e-05, "std": 1.58228456154998e-06, "repeat": 10, "number": 353}]}, "benchmarks.ConnectSuite.time_connect_nochecks": {"result": [5.688541004610541e-06], "stats": [{"ci_99": [5.100747821630445e-06, 5.915597129677097e-06], "q_25": 5.381871732451458e-06, "q_75": 5.853026652994744e-06, "min": 5.100747821630445e-06, "max": 5.915597129677097e-06, "mean": 5.6087358277809735e-06, "std": 2.8497776997106584e-07, "repeat": 10, "number": 1951}]}, "benchmarks.ConnectSuite.time_connect_partial": {"result": [4.424012156862006e-05], "stats": [{"ci_99": [4.0341403921524495e-05, 4.788206274508643e-05], "q_25": 4.31769794117013e-05, "q_75": 4.566302450976255e-05, "min": 4.0341403921524495e-05, "max": 4.788206274508643e-05, "mean": 4.4408320784296565e-05, "std": 2.181976685741328e-06, "repeat": 10, "number": 255}]}, "benchmarks.ConnectSuite.time_connect_partial_method": {"result": [6.620150306749996e-05], "stats": [{"ci_99": [6.363838650312618e-05, 8.112465644183603e-05], "q_25": 6.468681901834418e-05, "q_75": 6.923320245395561e-05, "min": 6.363838650312618e-05, "max": 8.112465644183603e-05, "mean": 6.785633865030952e-05, "std": 4.987517593704432e-06, "repeat": 10, "number": 163}]}, "benchmarks.CreateSuite.time_create_signal": {"result": [2.3934066029531537e-06], "stats": [{"ci_99": [2.266584926152422e-06, 2.52296459600325e-06], "q_25": 2.3297905625516298e-06, "q_75": 2.4660688531704696e-06, "min": 2.266584926152422e-06, "max": 2.52296459600325e-06, "mean": 2.3977678757588955e-06, "std": 7.918618607661368e-08, "repeat": 10, "number": 4604}]}, "benchmarks.CreateSuite.time_create_signal_instance": {"result": [1.1290511433141936e-06], "stats": [{"ci_99": [1.0323002728888202e-06, 1.289878987484611e-06], "q_25": 1.0814086289631765e-06, "q_75": 1.213654135691728e-06, "min": 1.0323002728888202e-06, "max": 1.289878987484611e-06, "mean": 1.1451310623879204e-06, "std": 7.94746165338775e-08, "repeat": 10, "number": 10627}]}, "benchmarks.EmitSuite.time_emit": {"result": [7.701538065855502e-06, 9.887713468312103e-06, 2.946839130431244e-05], "stats": [{"ci_99": [7.282480795610241e-06, 8.396176268862468e-06], "q_25": 7.4712997256453244e-06, "q_75": 8.010633401909413e-06, "min": 7.282480795610241e-06, "max": 8.396176268862468e-06, "mean": 7.754884567901971e-06, "std": 3.385513269008375e-07, "repeat": 10, "number": 1458}, {"ci_99": [9.499080105637754e-06, 1.0739283450704052e-05], "q_25": 9.700776408452208e-06, "q_75": 1.020992715669382e-05, "min": 9.499080105637754e-06, "max": 1.0739283450704052e-05, "mean": 9.964271038736077e-06, "std": 3.598692493849984e-07, "repeat": 10, "number": 1136}, {"ci_99": [2.623288491050549e-05, 3.305484910485815e-05], "q_25": 2.8285867007680643e-05, "q_75": 3.0234675191861184e-05, "min": 2.623288491050549e-05, "max": 3.305484910485815e-05, "mean": 2.941445242967507e-05, "std": 1.7480665559112833e-06, "repeat": 10, "number": 391}], "params": [["1", "10", "100"]]}}, "params": {"machine": "GitHubRunner", "python": "3.9"}, "requirements": {}, "commit_hash": "b1f41733610b7ad10958b4a7216ea3d47ca89d2b", "date": 1636203908000, "env_name": "conda-py3.9", "python": "3.9", "profiles": {}, "started_at": {"benchmarks.ConnectSuite.time_connect": 1636204177626, "benchmarks.ConnectSuite.time_connect_builtin": 1636204177830, "benchmarks.ConnectSuite.time_connect_checktype": 1636204178033, "benchmarks.ConnectSuite.time_connect_lambda": 1636204178236, "benchmarks.ConnectSuite.time_connect_method": 1636204178439, "benchmarks.ConnectSuite.time_connect_nochecks": 1636204178642, "benchmarks.ConnectSuite.time_connect_partial": 1636204178846, "benchmarks.ConnectSuite.time_connect_partial_method": 1636204179049, "benchmarks.CreateSuite.time_create_signal": 1636204179252, "benchmarks.CreateSuite.time_create_signal_instance": 1636204179456, "benchmarks.EmitSuite.time_emit": 1636204179659}, "ended_at": {"benchmarks.ConnectSuite.time_connect": 1636204177829, "benchmarks.ConnectSuite.time_connect_builtin": 1636204178033, "benchmarks.ConnectSuite.time_connect_checktype": 1636204178236, "benchmarks.ConnectSuite.time_connect_lambda": 1636204178439, "benchmarks.ConnectSuite.time_connect_method": 1636204178642, "benchmarks.ConnectSuite.time_connect_nochecks": 1636204178846, "benchmarks.ConnectSuite.time_connect_partial": 1636204179049, "benchmarks.ConnectSuite.time_connect_partial_method": 1636204179252, "benchmarks.CreateSuite.time_create_signal": 1636204179455, "benchmarks.CreateSuite.time_create_signal_instance": 1636204179658, "benchmarks.EmitSuite.time_emit": 1636204180267}, "benchmark_version": {"benchmarks.ConnectSuite.time_connect": "66e46036f5d42997c49d40a9db3597e499dacb6072ef55c098e003e4282719ff", "benchmarks.ConnectSuite.time_connect_builtin": "221168cd3c2a537806a7f6924ebcf8c2191c4a712198efecd60b9ccab55a9ac0", "benchmarks.ConnectSuite.time_connect_checktype": "6c640409d4d3d1c7c9bcd34ad0f1ae8a1de34357d454bf40267453df913de0de", "benchmarks.ConnectSuite.time_connect_lambda": "ba00b5593d648e88bd82a3245976eb32c1d3ddc9682b3860e86899896c6af42d", "benchmarks.ConnectSuite.time_connect_method": "2cb74135059abc458bb8b736e771a9bb881577922d2fd4cb90b6a6924be0de4b", "benchmarks.ConnectSuite.time_connect_nochecks": "3cc7bebdb3f185d0c831f34041217d8447354aee33080adf2f646e9d363d571a", "benchmarks.ConnectSuite.time_connect_partial": "c9a61f40df416d3ad071f9e9d2d0d401b58e06cf3e3972c0dc0febd23ab9df91", "benchmarks.ConnectSuite.time_connect_partial_method": "9cac7442824f87357461f60156f32c7fc0b0c2cb70cec7b7688abac388b6b5cd", "benchmarks.CreateSuite.time_create_signal": "4646c749e350ba87553eaed7dafd33c1eb6a5d726510df8ae9e93c20091f8a80", "benchmarks.CreateSuite.time_create_signal_instance": "2c1362cf3b63757d6a81f4bba01cd935c48320419d45293a4744351efb544022", "benchmarks.EmitSuite.time_emit": "51ea5e5502fbd1430260952eb8aa3e88ce6f9819a0b6f0961b54a869455b6f06"}, "version": 1}